"country_code","year","1990","1991","1992","1993","1994","1995","1996","1997","1998","1999","2000","2001","2002","2003","2004","2005","2006","2007","2008","2009","2010","2011","2012","2013","2014","2015","2016","2017","2018","2019","2020","2021"
"AGO",2018,5768.56461182679,5635.16645257516,5136.55037903611,3783.11436710346,3713.1032564413,4131.88272456686,4537.8591189078,4708.27929811246,4770.14260896078,4719.44911633596,4708.36097674856,4747.82774487609,5219.63397553166,5195.30731038108,5565.58083996196,6178.3271120685,6648.75848146998,7309.3198642842,7832.8898093363,7613.7811672769,7691.13126492136,7664.43997522729,8012.10084537777,8100.38515449725,8183.67837136383,7967.1038707092,7488.13883715818,7216.06137266999,6878.59348164166,6602.42365714554,6032.27491352072,5908.5700447499
"ALB",2019,4827.04345969114,3496.38103743405,3264.83141265091,3598.82201263031,3921.62776967871,4471.61629662191,4908.94841394376,4400.3271158057,4819.08356101225,5474.86778312428,5892.60142350251,6441.46172192909,6753.90323391264,7154.01874886252,7580.15285456245,8040.10761850088,8568.5776999641,9150.14668500999,9912.18082179424,10313.9353740545,10749.5015107851,11052.8140091293,11227.9870535984,11361.2895730336,11586.855263292,11878.4763712862,12291.882178685,12770.9878616071,13317.1168918016,13653.2267690592,13253.7577989746,14516.3143508937
"ARE",2019,105893.62605787,101048.696238225,99106.7916389224,95524.4569248506,97475.9808529516,99510.3506792656,99602.6174171953,100956.706465329,95185.3058211132,92368.8132644078,96835.8888255192,93106.202133982,90661.7251504937,93989.9598462678,98342.2366272015,96188.1280050721,92323.5627769205,79468.9954677141,68909.6102618585,57094.7861472593,54664.6117411199,57815.1702552533,59949.2445755139,62354.8232015733,64334.0915515339,68076.6358921929,71244.585812911,71182.3707145056,71550.5543294766,71782.1538368191,67668.2866393681,69733.7937755244
"ARG",2021,14136.5254005803,15209.4876309646,16190.510705998,17282.9649904397,18046.8929182229,17303.9238485647,18031.5481912295,19261.8986222468,19773.1763655293,18884.9431117375,18524.8096075258,17514.5041008813,15439.7446333669,16631.5739769268,17950.1512818383,19338.1461909357,20679.243097676,22316.2555259104,22992.390179143,21413.2831164661,23521.2701750961,24647.6292739541,24118.8675158912,24424.1364465071,23550.0990599374,23933.8866120953,23189.5274451329,23597.117752839,22747.2416575831,22071.7480998394,19685.215869505,21527.1961367015
"ARM",2021,5153.29821050756,4473.5190883177,2634.96312448389,2484.55232933972,2683.63753337356,2912.78105698073,3105.95278074442,3236.06050832406,3505.36840234803,3660.03411955301,3921.85752187599,4346.90750559669,4965.22435904764,5698.77847656251,6334.85615310927,7259.20389235415,8273.78569972956,9476.47149359946,10201.5594510386,8819.67745940627,9068.78765139006,9551.15813085673,10289.9756312671,10677.3036548195,11105.5324996261,11506.0389896756,11580.3836431751,12509.6396064818,13231.4310690444,14317.5528692827,13357.697063743,14193.1168341231
"AUS",2018,31006.100226642,30496.126448268,30285.8538220866,31232.5854761276,32164.6588358849,33044.8444951246,33905.2629442993,34852.7517360261,36099.0229106261,37475.9787592588,38494.8866763373,38779.6000002663,39872.1475260579,40642.5622844033,41905.8496649704,42704.4424723347,43286.7235365751,44109.6693742979,44777.2737194117,44684.4014940539,44965.3933643214,45405.3653652747,46360.6071243229,46744.6238819012,47240.2744640204,47567.6806608932,48109.2027153453,48400.2457875228,49052.8179535889,49379.093333787,48747.8517145133,49774.3407019167
"AUT",2019,37494.5604129864,38399.6740222967,38774.4902606316,38658.6497800224,39435.210024783,40425.3937190819,41319.3749974645,42136.6622802741,43597.8900710725,45060.6187543953,46469.8610601036,46878.9162398602,47419.2784117541,47633.1140009916,48633.2718157639,49387.0278641202,50840.6944621561,52565.0739687956,53166.0542015286,51030.7246778186,51843.4283275453,53179.1474647432,53297.4447850919,52997.7538166712,52932.9001116518,52873.8586545571,53345.7415259818,54172.9867888254,55217.2865300768,55806.4382499366,51988.4158297933,54121.1455420496
"AZE",2005,7616.91027506113,7463.62885967495,5690.18091817449,4309.92146212108,3414.51120535595,2976.99522138353,2985.3371754857,3128.1641351317,3408.4753810397,3628.71688349932,3998.52048313078,4360.45944142426,4736.56437632615,5180.68645770222,5610.76313748494,7106.59790726031,9453.94185980601,11684.1915431474,12672.3762154835,13565.8550922117,14082.2381481679,13913.8366943419,14027.468790254,14651.693970776,14867.9437345406,14852.6117080302,14232.1926180142,14121.4069355591,14209.5931685619,14442.0408668016,13726.7696576885,14431.6610462293
"BDI",2013,1175.15508588164,1209.38815751804,1190.06743509192,1153.54130871448,1103.16729785112,956.490976068577,880.309412060732,867.284264991798,891.699843688771,862.006680432851,837.348411451095,833.670878742379,846.747295184596,810.552335241984,818.746063270769,796.108713073826,809.696010652699,807.44748064358,812.592169776878,801.803427362171,804.354940804194,807.6649575843,814.32077076854,824.610522607553,831.294838603726,781.579287257152,764.336602194152,750.787616270977,740.448222531284,729.65846261506,711.355263408189,705.030409368266
"BEL",2019,35506.9265146541,36023.6842838954,36426.9931547081,35935.9573927225,36981.4489459975,37784.149887365,38208.7186734905,39562.3729801955,40252.4689057051,41583.0973922951,43024.1399101042,43347.8892099274,43890.5981100134,44160.9114292454,45540.4669120107,46342.1866093314,47212.577772728,48590.4005353331,48423.515483961,47064.7900198376,47972.558838523,48154.8711461252,48210.9246578014,48204.5856992867,48748.6205926039,49456.3985817783,49829.9273887741,50442.2705419624,51113.4817384021,51977.1853280951,48978.9342485189,51739.537932581
"BEN",2018,2109.55933453942,2132.39681585033,2129.20121408603,2155.36661622986,2118.27869416473,2200.59378390827,2237.52632357637,2297.99430259476,2317.48129543185,2367.76122438256,2431.44565209518,2485.11653056274,2523.60997287676,2532.99842789075,2566.34565710566,2528.6764808549,2549.19441865313,2625.21275541059,2673.76934866223,2656.43164182497,2634.13472813125,2633.93905955431,2681.35166132027,2792.02729966348,2883.89909753626,2849.82049921494,2859.39168542717,2933.8373843172,3040.1675201443,3156.43895692884,3186.47803099913,3321.55217445962
"BFA",2018,981.844761883421,1044.17391975505,1021.14451625888,1030.55920362618,1018.1222087886,1049.08371744821,1135.25666022841,1176.38390281081,1228.1228689112,1280.92272037571,1266.74481663807,1310.07221197696,1325.70342969155,1385.45504828434,1402.78437162473,1477.03982209929,1521.15445427702,1536.3858137955,1578.34582603774,1578.14893890186,1661.87202140763,1720.08252228733,1776.39099745576,1823.59495248367,1846.64512676697,1862.85471186197,1916.7563817824,1978.15501161376,2051.21843060824,2110.06231119074,2093.73364729869,2179.78903866639
"BGD",2016,1730.36894499325,1756.33262434421,1818.15076512284,1867.7809380996,1903.58083168198,1964.06112590842,2017.21352652899,2070.43744624471,2137.15004349644,2194.52647626906,2267.07534755879,2337.36458346569,2382.28147136915,2451.99023241347,2537.95071423142,2663.09625700318,2806.59269062211,2973.28132489974,3124.22679727975,3253.0913365599,3395.36478736678,3571.0586470603,3756.93193253282,3932.70833031603,4119.42463946452,4337.38590209077,4589.09353174608,4830.7760826813,5124.49875458782,5467.20794773827,5591.37398917821,5911.01299624227
"BGR",2019,12507.7284145491,11565.3875443252,10840.0915744326,10765.1633918084,10998.1601603578,11363.3427355321,12016.6634946614,10383.4879358852,10849.0860502794,9994.06170175423,10504.2640541488,11125.1878347963,12036.9210854513,12768.0512950833,13702.3412525049,14780.0991294472,15905.8770319799,17089.5109303315,18264.7784421857,17767.5352996682,18160.6297698445,18661.5020771532,18911.6067207703,18911.1484206025,19202.8316894772,19988.2481842507,20740.8194312493,21469.9708893116,22206.156990417,23266.0693152803,22479.5829396574,24393.7755346385
"BIH",2011,NA,NA,NA,NA,1729.97945427137,2096.39183747614,3801.91488391335,4932.6622937457,5608.88590081532,6091.15750528624,6825.43938833593,6964.87380542226,7308.96911538109,7618.2056295805,8180.03880818132,8599.63522437722,9146.11029924738,9803.10162492972,10505.7970454017,10362.6524963806,10635.1871989919,10932.1366653321,11045.2120495588,11482.3037984367,11766.0030813171,12290.3503411425,12835.3062255165,13400.0411074817,14064.3328908763,14632.1258848123,14356.4233352863,15663.742746228
"BLR",2019,8895.17270254192,8784.37736511225,7923.65035566891,7305.30690938528,6458.21455927607,5805.36315610077,5988.03970960276,6698.45787856987,7293.90821566164,7575.91832595163,8053.17363808324,8477.08401148315,8961.64111959338,9660.19368845286,10839.9562728165,11940.1865961058,13214.87158024,14417.3535308989,15942.8976797373,16014.1155277101,17300.7036830881,18274.0207167069,18611.4542129387,18805.4308685766,19119.3461515636,18362.7455862583,17883.1264992839,18356.1007741722,18974.6998134505,19279.209247881,19225.573834783,19751.2039053496
"BLZ",1999,6396.50071946363,6981.0061196236,7663.64842835439,7979.02214809667,7823.96577786825,7675.21751609267,7521.86418171508,7530.27200682617,7554.92572506596,7954.44493922975,8702.08265110585,8857.37013835297,9023.40100717108,9566.06022706895,9710.01405705731,9631.59161051857,9781.77671133139,9815.05474768846,9397.15189743875,9101.54923461174,8988.86513638692,8776.86331618966,8912.10575375588,9109.57214659117,9276.31779285874,9387.91454228407,9208.11394344737,8873.7540251936,8798.53857325264,9028.55148483032,7703.11804104352,8762.6226834013
"BOL",2021,4437.86682732704,4575.70674736378,4556.99345105859,4657.030395839,4779.83922499075,4909.17825510505,5028.4440944067,5181.41649983923,5343.95740838511,5270.02753937849,5305.61925665853,5300.31433546862,5337.76584909331,5387.58177021488,5515.65581545136,5660.57481538611,5829.37132884552,5989.68992267452,6248.93395306159,6349.00790924636,6499.818152836,6724.30066769052,6952.73837058014,7305.22798236691,7581.59842205182,7825.76675167361,8034.172726021,8244.93344455748,8466.29318679828,8528.74880229752,7679.93318689753,8052.17743504708
"BRA",2021,10401.8424448513,10328.9571222146,10103.7879427817,10431.4096597108,10867.7509166537,11151.1916421663,11224.399456481,11432.650568882,11304.0969954988,11196.8385320757,11529.4866151644,11536.3638321407,11739.431843405,11733.4111975411,12268.6638325485,12520.8549899008,12877.4441830465,13518.8477758477,14067.9458125762,13916.9632254971,14824.7411544273,15271.4693518003,15425.3529285957,15751.4844481235,15695.6431041785,15011.5771943528,14402.4940082453,14477.86176806,14619.5911298271,14685.1278924673,14021.9576230488,14592.3529599447
"BTN",2017,2737.99305333418,2682.30937512619,2917.57950850309,3118.96322849646,3270.7487395137,3460.46119195868,3585.36296152298,3713.29472016911,3860.34720230696,4067.46515846083,4087.83067216439,4311.4468373407,4663.12762848317,4904.51097778026,5076.31536245983,5336.77621970682,5626.05470367768,6577.43176809794,6811.9331493701,7188.85919345285,7958.22686073042,8499.35429552819,8837.57637338481,8929.04620419453,9349.04438655465,9877.2472826014,10587.5703765341,10986.8881359297,11233.7805406359,11797.2841991497,10547.0515133499,10907.8567096084
"BWA",2015,9164.8720715928,9569.46041815357,9570.54895663913,9476.6607379938,9550.83077543473,9956.808322388,10280.6266307681,10880.8526460191,10689.2167939379,11474.064720341,11462.0791450141,11262.8989022898,11725.5596219232,12054.874381419,12166.4670419996,12494.2168522251,13287.2254092564,13783.3794160472,13945.5986041353,11729.5652130738,12653.3706536362,13250.2511346351,12975.9478640023,14144.518115089,14665.2723219081,13682.7041799685,14373.5192516705,14656.772988721,14962.0811110031,15117.9949961611,13545.6736282111,14840.9133313245
"CAF",2008,1200.61339024031,1157.38166280191,1049.11941485628,1019.44100626915,1036.28390122035,1080.77006109473,1010.74388874746,1035.10745821896,1054.3129732191,1062.29825753147,1007.24783442941,1028.79140785186,1042.70864454409,962.86483675182,998.689099661647,985.324815965559,1011.77750952868,1038.75013264676,1038.33528617758,1103.4637660212,1130.89570808081,1160.41474143552,1208.51577049925,764.051500246645,765.259553983357,795.037018678033,818.395995276405,839.600009452135,854.647491304949,861.766788755873,847.765012420583,837.504685725376
"CAN",2018,NA,NA,NA,NA,NA,NA,NA,36910.477860824,38031.624764122,39671.3846482747,41338.6470179142,41623.9503409049,42416.4087525762,42793.0792526308,43704.4139089537,44680.7964889693,45396.8396580252,45888.4763265252,45851.6302484565,44003.6170419636,44861.5239641879,45822.5964338567,46126.5138859002,46704.7622355677,47564.609109622,47522.1406673151,47457.5853457244,48317.1745835151,48962.4815108923,49171.5110858739,46064.2539577156,47892.9471262262
"CHE",2018,56982.4609715381,55759.3381902546,55123.8383797844,54555.2787822444,54809.335298076,54706.1015073424,54721.7149782014,55824.5124855607,57345.3311137561,58021.4359714063,59980.3309146065,60541.1168104481,60040.8774112494,59577.7622087745,60768.2045734865,62040.4395660128,64163.8050397136,66083.4718897397,67081.2997981076,64726.3712845064,66133.288392898,66587.848851125,66661.4927508349,67080.3673569404,67824.0830929271,68159.2221142537,68813.6403939646,69103.570264696,70558.5630191075,70857.0890798496,68670.2394154478,71032.8412048308
"CHL",2019,9701.82379080639,10290.0396601385,11256.2094833245,11812.6493788658,12221.5077027169,13122.9463422861,13825.1561998113,14652.7751930939,15074.5801101413,14855.3571822158,15415.7542853766,15725.6011594356,16053.6546085706,16636.6537463516,17571.024797895,18415.7549895934,19339.487624585,20140.5296504463,20695.5625606217,20255.0987836444,21225.1038566237,22323.7230847248,23467.9787261648,24011.5910135613,24197.1832800794,24464.7456624553,24599.3746330388,24546.9124208604,25071.9900691942,24816.6110833991,23017.6893554306,25449.13065237
"CHN",2019,1423.89634790713,1534.70527155859,1731.65721549278,1949.53426822941,2178.92405677052,2391.4771155819,2601.3634260793,2812.7111346022,3004.42734154728,3206.73002570588,3451.67923093446,3712.33813234941,4024.35569664333,4400.82518340985,4817.21184451855,5334.64663937839,5979.78171182139,6795.17401238784,7412.87436348628,8069.35463838628,8884.58803122452,9680.09769961513,10370.7265716763,11101.9389299998,11851.4042175719,12612.3516512474,13399.1373202686,14243.5326108474,15133.9956182401,15977.763827981,16296.7788985733,17602.6960578959
"CIV",2018,4276.70571457945,4119.78435381524,3959.5616632319,3810.04362983945,3705.75043977694,3831.71560256252,3985.40226841008,4220.48532578841,4255.1754247633,4176.59713916772,4052.9819384192,3863.16675814858,3664.51942790425,3407.97883341176,3435.28027536286,3391.71181608324,3410.99791231133,3374.84762302979,3461.71174630552,3511.29250629599,3673.18128243718,3404.5246019183,3589.42171379413,3894.51548949828,4162.02435776379,4347.77771319509,4541.19490754339,4750.93645090584,4949.61471924847,5126.63411463495,5098.55983256984,5325.03048196005
"CMR",2014,3483.1868621115,3251.75503614674,3059.79236139903,2736.28261393051,2709.08004543719,2710.938075197,2749.52003445748,2798.57735763936,2854.37009314928,2905.13115705112,2937.99187273851,2985.57790583058,3036.76770226799,3116.15282012536,3245.49589268529,3228.36116059091,3261.45165542822,3309.28229522583,3308.31990792803,3298.40745197327,3298.62457927485,3314.89823416167,3371.97553263081,3442.20062679272,3530.28319106425,3614.75571608491,3667.32267475561,3691.09472365252,3732.50124767444,3756.50956165869,3665.51058111338,3700.46428911298
"COD",2012,1750.16973868902,1550.76370458349,1346.74722225667,1128.59314469046,1034.1233869869,998.688313864909,969.808662969944,900.967796417814,865.606612033277,805.277881391273,728.207196902485,691.709145159464,690.659607510025,708.028771122555,733.541896998267,754.66444325739,769.887144633659,792.190884944916,815.011856985158,811.927345184656,841.856287150524,870.07380558193,900.978990443792,944.640247467799,999.072133543006,1032.57186488287,1021.32719835857,1023.53983315292,1048.24644680706,1059.89211136718,1044.07121384631,1073.64327104274
"COG",2011,5007.31924472282,4986.69920460404,4978.35083844666,4790.46115745472,4400.02029728134,4453.43083827626,4522.00845372844,4402.40809466611,4470.3470745821,4240.1559969383,4390.56305706482,4389.35371211757,4484.28058536639,4397.33055897957,4398.20377814002,4571.79311665503,4755.03021479219,4280.02466909869,4401.66453161405,4720.41467457233,4977.97311454786,4925.37690253992,5267.04961673407,5105.16983789706,5319.38724879789,5009.43226691254,4363.75392494278,4073.92608527555,3786.4119996175,3695.06169357,3384.65433532175,3234.39297192763
"COL",2021,8434.95933574977,8430.22298936719,8598.99202067966,8885.18684520919,9220.50199339037,9518.26014103111,9538.2725510317,9691.02832371513,9578.65601184842,9023.62123323153,9138.31891513086,9146.4048517545,9232.62739498326,9453.32855577981,9816.27758830756,10150.7079222393,10692.7276529183,11272.5779798286,11507.5258254891,11507.7171127214,11890.2030772166,12578.0156267561,12934.965751944,13465.0750436526,13938.2315166162,14215.6882521068,14358.1682181588,14334.9146083622,14426.4343821408,14616.1351241706,13387.7011627869,14648.5921839864
"COM",2014,2922.71225211885,2695.25607401905,2856.00856417072,2876.28375506325,2666.04537181204,2703.58435102769,2611.82174656777,2659.27397783661,2636.34430789111,2633.56575557764,2863.15184983925,2871.19685329532,2878.5343592749,2881.96070660931,2881.56674362285,2905.68918263989,2923.53230074437,2888.44663400808,2942.99084560344,2976.77945418225,3025.51738376237,3084.82658544172,3115.23803263561,3185.31969710048,3183.15703112003,3150.87762379692,3185.62966370388,3240.17917020286,3294.83197206575,3290.65052676586,3222.37408929598,3228.52685830019
"CPV",2015,1620.98421947654,1607.76744011164,1740.53571739499,1844.76434520909,2144.41394568572,2391.2603832528,2601.7137003804,2826.22293535103,3110.93042599203,3387.62242199753,3798.67985954743,3819.22049650592,3957.98460532039,4064.37985932069,4419.0526087191,4664.65925578008,4975.91839607963,5664.38919700786,5974.77507070275,5838.21539225105,5860.49830249957,6020.22315128359,6013.05507442437,5993.11899581994,5961.99622773879,5955.60672785455,6166.31397169927,6320.3420963092,6534.46040879766,6835.07882904702,5768.53856797954,6114.1332865953
"CRI",2021,9810.55130671056,9781.45993045995,10416.1088472688,10882.0491513525,11100.7090135164,11290.9595810182,11182.479348576,11532.4627154254,12092.4758087467,12343.710851212,12570.6960867797,12771.9507693651,12986.0006839994,13333.2172573627,13713.0083489999,14049.909396661,14864.7814203688,15861.8745788087,16385.0010002282,16024.0300610139,16667.0165204788,17186.4484431722,17809.9405635769,18044.9450067206,18480.6517542453,18956.1919322979,19553.5988588871,20168.2204808997,20503.2768037147,20818.061678299,19824.3468365514,21199.2813398583
"CYP",2019,25232.609375,24769.65625,26386.578125,25937.3125,26905.345703125,28631.46875,28530.576171875,28871.865234375,30262.837890625,31421.783203125,32943.90625,33878.89453125,34739.77734375,35220.4453125,36499.234375,37723.33203125,38847.9765625,39968.39453125,40398.6796875,38536.03515625,38398.5546875,37587.21484375,35742.66796875,33465.828125,33235.2578125,34567.80078125,36671.55078125,38415.109375,40092.67578125,41739.46484375,39464.53515625,41694.2578125
"CZE",2019,23585.1814938054,20895.8797607116,20768.7881664466,20760.0542509881,21356.3127969696,22758.5968118404,23756.9783859253,23659.3207939067,23597.3061804104,23948.3850340351,24976.5063182959,25833.4146699938,26289.6261389536,27239.5594440384,28542.2548172745,30384.4466487841,32352.8129664551,33956.2459846788,34580.4433462984,32782.6123492193,33483.137594809,34002.1897752206,33688.0998344582,33661.4684161727,34386.7049143977,36168.4185553861,37014.9592935816,38824.8879170919,39941.2853497589,40989.7266228223,38639.9795202601,40740.9939756632
"DEU",2019,36699.4817033163,38294.1549425118,38734.9384083447,38105.2306021284,38881.5691219288,39366.0886366488,39568.6024740843,40218.8468799392,41022.6146311397,41769.8120329084,42928.1813366719,43576.6365260124,43417.3079988044,43089.4738197519,43605.2786723109,43949.2881791796,45678.0819192686,47100.6097046962,47643.2227372401,45044.4863870437,46999.2399709894,49757.9241566763,49872.4474888681,49954.173749339,50845.5269954271,51159.2974643888,51879.6725937905,53071.4555699913,53431.3928655449,53874.3166510099,51840.3296919358,53179.6544047515
"DJI",2017,NA,NA,NA,NA,NA,NA,NA,NA,NA,NA,NA,NA,NA,NA,NA,NA,NA,NA,NA,NA,NA,NA,NA,3664.26803619943,3854.26995628598,4073.62245479949,4291.2973762258,4451.68384614482,4589.37832627416,4768.11300470727,4753.8878860134,4913.25644121028
"DNK",2019,39027.9787365148,39469.3228084159,40108.8919453015,39979.7573849561,41969.6887111547,43015.6775097607,44013.3855851544,45260.1371186812,46096.3697234041,47298.5373518437,48907.0114021027,49133.2231026505,49204.8990055345,49262.6449732556,50446.5416048985,51483.273786293,53322.2889991783,53569.0280238008,52982.5317373493,50114.0500523227,50825.4122929358,51293.2061782002,51216.309409926,51479.2664533017,52048.3354927846,52892.6460290247,54185.0084787703,55356.680780178,56178.7746299825,56813.9641554635,55518.5971009156,57962.6540943813
"DOM",2021,6207.11211279231,6137.10447915968,6688.87043420566,7040.48600001287,7085.28221658965,7349.36349041599,7650.11337062146,8189.04583831144,8599.56474316529,8970.39423783387,9246.30941620922,9333.5704881453,9613.33169817667,9351.32395116499,9460.91291134527,10215.4993710392,11009.2750694517,11677.2541307516,11899.2276476721,11856.0474200601,12677.0175637642,12905.288988573,13087.9489899427,13555.5113586867,14334.733860885,15145.4694592907,15967.2022809286,16524.5338420587,17484.1217559257,18171.0609627655,16768.4261044255,18626.0786815748
"DZA",2011,8828.87447349486,8517.37696170516,8471.5276053104,8109.88355918664,7869.27027171901,8013.12344209486,8195.86047951226,8147.87819801799,8435.03565835831,8584.07149594148,8786.19034965696,8926.11013358895,9299.68213373874,9835.16170946118,10114.7255553923,10566.3728391174,10592.2471112484,10775.5321067078,10847.1766343771,10824.576361634,11007.7466062444,11113.9688925215,11270.701045131,11360.6376117058,11561.2597954385,11751.6341191101,11888.3229666783,11809.4830333846,11725.8777414257,11627.2799177398,10844.7707637063,11039.8052606484
"ECU",2021,8120.00116107894,8281.08717484198,8279.56827624721,8277.15450046203,8466.24874504874,8496.69673222444,8487.08619825399,8697.35372634099,8825.48697397826,8263.37726959497,8211.71125413845,8395.83265754095,8589.28386673127,8670.21073976421,9220.32540947744,9542.22499460196,9792.42181991219,9836.41910460756,10284.9542658843,10170.6509379627,10355.8226596754,10988.7221081401,11424.1523292447,11806.9238358507,12073.8104194928,11908.215784299,11587.8253010112,11679.4302342769,11608.4190498367,11390.2169659569,10356.9742017158,10668.7582914222
"EGY",2019,5971.77651369592,5895.10498849873,6017.30108272074,6051.32746628861,6152.07779293041,6298.12422895363,6471.30192462461,6681.15982208316,6904.00345645872,7168.82076672136,7469.11306129226,7575.76266142077,7596.31949501487,7676.93616241101,7830.36793430626,8019.87267530951,8403.55361485867,8825.25106325175,9273.41217131806,9518.77911481844,9807.83561239505,9762.97365439717,9757.13659090014,9742.14355657973,9793.95462080611,9999.19069171767,10218.3938124509,10435.9171944662,10783.7616532392,11180.6970642276,11380.8469978976,11566.0496483523
"ESP",2019,27528.4132467605,28157.5268953763,28280.3260908948,27843.8593467468,28372.0314344106,29025.9945784136,29674.392750146,30644.3794443942,31858.4991101859,33154.4666207698,34738.0568248096,35854.5847170553,36317.1006783319,36729.7697105221,37228.7982165672,37942.0075754017,38836.5937852313,39498.591328633,39218.2916195663,37409.6428703791,37298.4693037577,36863.4930975241,35749.5127897115,35363.5105480176,35964.4613049308,37373.9507171987,38476.787200798,39528.9253872668,40255.2537632492,40760.3089598945,35967.8915333896,37913.0757304769
"EST",2019,NA,NA,NA,NA,NA,12730.7174142214,13558.5685292989,15503.8448315578,16332.8199308887,16215.5789517586,17765.2075336124,18952.1070075434,20364.0087374035,22049.6827903416,23691.1529865284,26096.9883386237,28814.9203164655,31140.5798350899,29621.7645299993,25337.175235261,26015.7463509325,27990.136407635,28997.3228845385,29525.1188635117,30494.0963031973,31038.8046287051,32008.9343566614,33821.93290847,34979.8670494407,36153.4319482746,35883.265325261,38717.6961505119
"ETH",2015,767.170418557348,683.034734393377,598.922751835545,655.213218113545,653.886731910509,671.541028680957,731.184621788006,730.874982016494,684.33263093824,698.193425297066,719.004435514051,756.272564393651,745.53779452733,708.53266368312,781.913516744977,849.847673325314,915.673438327061,991.883400804938,1068.13800881515,1130.03184035037,1236.47940941404,1336.06695076749,1411.13592886177,1518.1437623013,1629.18906979629,1750.6727312872,1864.48766816335,1987.96875367138,2067.45649659251,2181.65887703263,2253.23578832192,2319.06825203341
"FIN",2019,32939.3832880618,30831.6088058571,29648.7439434243,29310.3070704183,30340.8238404135,31499.80577579,32548.0151553704,34506.7718790729,36293.3915600144,37795.0577604714,39894.1944569685,40842.3417724243,41439.019233448,42168.6934671901,43724.9661225981,44786.9096643071,46412.2003478176,48664.265707071,48817.989492787,44662.100140396,45874.6613021399,46825.8248388831,45952.246383366,45328.5753218041,44976.7764487708,45072.5902146238,46206.7878130494,47570.133583848,48048.5246160501,48583.4339897935,47443.903598625,48753.3547090561
"FJI",2019,7889.87857725648,7633.79330111131,8078.59011542495,8226.2136397977,8628.20323853477,8827.79986400784,9201.68408718683,8909.38571419783,8921.25588630205,9594.63697204944,9328.58130318814,9415.50237885171,9618.80618330387,9619.74647786218,10031.5572282965,10006.7669139259,10097.9616640164,9927.02230030624,9961.51229138346,9772.74360120078,10019.4125012392,10254.3588048022,10368.2158396057,10830.6102180965,11411.1836716589,11903.5016135142,12179.070677301,12822.0135997922,13311.1668940929,13241.3539549648,10966.925117563,10359.2036864105
"FRA",2019,33843.0203949502,33898.2340398527,34269.2834434525,33906.2218602936,34576.319428202,35176.6221101421,35546.5832844174,36247.6042941415,37409.3954906364,38490.040182087,39726.4884007159,40220.1008603728,40381.4595325319,40425.6380520509,41265.1269211355,41638.0317796772,42362.985412525,43123.5011328544,42993.0595165288,41544.0226065122,42145.6819456785,42862.415796739,42789.0519131717,42813.9335350732,43021.3946358903,43345.7864281559,43705.1475593257,44577.0645745394,45245.9608684875,45922.7947390313,42233.1396001127,44993.1259455262
"FSM",2013,2925.30792467777,3085.50357596752,3132.25799069191,3287.02941493278,3184.93252538897,3362.49361401907,3242.05734384336,3036.02146680632,3114.91190908069,3153.95915814503,3301.38676480282,3365.74673210101,3382.82770305415,3441.7565618325,3346.73083880412,3430.3965736367,3447.47305293184,3407.93057789511,3351.18387821523,3414.07193735551,3500.29507993289,3601.89450687762,3523.38657732611,3381.95391425369,3291.39706115275,3429.74274726252,3446.04063168227,3522.28831085137,3513.86525922588,3540.78241029086,3455.71653125506,3315.23023031951
"GAB",2017,17559.0061141964,18134.816075693,17109.4015608026,17318.1622609072,17497.6498228656,17903.7821563099,18091.0472921874,18655.6530438937,18825.3611700472,16716.3720684957,15987.0890848748,15907.8643345026,15453.0495552866,15379.622091738,15062.6403187925,15028.3676284766,14177.0879324268,14570.7549444887,13646.6176222541,13221.7656654831,13682.8475255477,14145.6508031578,14367.9999147727,14655.3655518015,14785.3986692256,14892.0357902738,14783.0781171838,14478.1303050188,14254.4616972272,14478.0017220931,13903.2889546654,13813.723140754
"GBR",2019,31537.8477927359,31093.6417154534,31134.0426021928,31832.8183481179,32973.0595774302,33718.5090841434,34274.4103004204,35679.0192763027,36698.4110630247,37678.6944025227,39080.8667573272,39770.6060210997,40303.8672354951,41369.4959277234,42099.3945384131,42926.9927660957,43533.2205104862,44302.8594715415,43887.7071344831,41592.364767012,42270.434294324,42389.1462619751,42705.1483005634,43192.0779378114,44247.0296701665,44948.3359709008,45574.8478235175,46372.38660351,46878.1349608861,47362.264606579,41984.1057181241,44978.7147199494
"GEO",2021,11135.4628892798,8724.29049929185,4769.99652400785,3346.56802542595,3045.04248414422,3243.84621344181,3740.48545328952,4268.69527327204,4511.48880328071,4737.405515582,4919.23187995616,5236.22280631371,5572.62200637586,6230.82190884126,6632.81426469502,7315.19848048057,8049.90605481459,9109.89774086377,9358.61458957779,9097.42124780979,9736.73209374292,10541.4719031056,11295.7540913053,11740.0891163337,12254.6456549529,12605.1400698178,12963.7439586374,13589.7073915159,14253.4089858441,14989.2581602038,13966.3263350166,15486.6589938955
"GHA",2016,2299.63879373958,2360.51271399971,2391.98674931802,2447.40867864445,2469.24163620256,2512.11226717745,2568.07042375309,2613.72547096007,2671.26621430921,2721.60301274861,2752.16477326633,2787.12561648713,2833.58842124609,2901.10787290517,2982.88747185112,3075.96273112227,3187.57643715953,3240.59260789284,3447.2747779802,3523.78938662628,3709.39576125858,4128.56017880333,4402.54595248917,4610.02791537354,4628.90141332145,4616.6194141642,4662.01147392713,4929.56795405121,5125.24948962186,5345.94159228145,5263.52660284738,5435.23768479721
"GIN",2018,1507.19852172343,1485.4352325754,1485.42135543375,1512.97986209037,1526.25563561411,1552.4916641809,1576.42386700427,1624.34639883587,1651.99871778965,1676.71821198145,1685.27633120408,1724.43550338559,1785.57330458925,1767.79103888495,1771.04529791293,1788.38965349532,1772.71497743125,1850.63720339771,1881.2697906555,1815.31577685834,1856.49018909616,1912.81785663259,1976.95808938118,2005.38190842043,2028.51478090749,2053.11160155742,2217.109306952,2383.57886734224,2471.719002268,2545.14020150947,2604.11723407188,2640.34419094782
"GMB",2019,2080.15808488147,2059.83204921195,2047.02755975861,2034.40165285504,1974.05572890563,1933.30983350226,1919.26029714201,1955.31729759107,1965.27714488359,2030.69648045484,2081.22229631874,2139.55657990598,2011.85403220335,2089.62102955405,2173.15936437648,2060.52281922672,1988.09700181441,1986.39596364259,2046.13421736956,2115.6148228584,2172.19383717868,1934.727946418,1974.09405665285,1969.77695028352,1885.14203449669,1905.82299441223,1889.13802091669,1927.0399420242,2012.59077029834,2083.3090583462,2042.62028935163,2076.5664341973
"GNB",2018,1998.17320635701,2057.17430226274,2020.74183698318,1997.07637874528,1998.83653550317,2035.22378303484,2224.74865276944,2324.84382558608,1641.0307488382,1627.07534982556,1681.40622921676,1681.95601479356,1628.73032720414,1600.67090793725,1606.58214269355,1635.41433981726,1632.50514634058,1643.37689899939,1652.88436103853,1665.20079276997,1697.4955890648,1787.07396932316,1710.02376978071,1718.8620748877,1690.09113550982,1748.02923262025,1811.30097094519,1872.30928139809,1851.88654557709,1890.53310322385,1803.6305907651,1831.38322874078
"GRC",2019,24262.8425808592,24716.5174329435,24700.1305911615,24162.3715328916,24522.5259874915,24920.72893517,25521.2793744832,26534.4950478701,27415.6259519279,28149.843755764,29133.8394364843,30180.2258479604,31249.3973548441,32981.3517843691,34564.9112761871,34670.1850265467,36520.0480347644,37619.6608561742,37394.1725254225,35691.9459430994,33693.2114765963,30318.4046680383,28322.5730581368,27810.9112255691,28129.9613244489,28260.3866739065,28239.9192063819,28604.8609402657,29141.1743829385,29721.5857620428,27103.5409073372,29548.0389102217
"GTM",2014,5561.07068412655,5611.54226479013,5730.64595343889,5805.70952757189,5891.32743906363,6033.04269462534,6064.02081733548,6181.17234432379,6338.33807417112,6428.04797639113,6499.88328517311,6493.60646967771,6589.73707436894,6612.66987730145,6676.70453318824,6753.68253599957,6972.38159210706,7269.2062604465,7365.2804361703,7262.50010896451,7335.98897429945,7503.67465594417,7590.75546737921,7734.11770732066,7939.37437823934,8125.65553391647,8206.04798668298,8322.21680991504,8469.11528803522,8671.70271768025,8390.22218026354,8926.70011657741
"GUY",1998,4818.38799518684,5131.02015480865,5522.38455233113,5956.32806712219,6444.21896070666,6749.16011295815,7267.89413932607,7700.34008777115,7556.17533226613,7766.33261018874,7649.9495600889,7816.52611406367,7899.71415186693,7847.30343133406,7971.43078958858,7823.26749903811,8239.12469232144,8853.16980114123,9036.88507021158,9399.29718526734,9831.80939701741,10394.1422900566,10946.45462788,11293.949615957,11427.8730721083,11446.7634778885,11819.1548560347,12193.6216799112,12374.2195041719,12820.4897019679,18430.5697454289,21925.1868587383
"HND",2019,3912.70204526407,3678.26200900127,3793.71111916006,3928.3717157575,3827.99310550091,3953.10242520846,3916.74138559872,3985.10763367328,4020.58580484357,3886.98547402139,4058.02886183231,4058.1116426846,4101.27699177832,4179.42286445425,4330.73931777835,4482.75768557457,4665.76729221371,4842.42277095403,4936.86907633085,4714.67926445949,4790.10957270128,4874.87358351561,4978.07402348643,5020.93686421229,5079.70344966707,5180.18669368863,5287.25283047757,5447.69879159062,5561.26253321236,5613.66058791544,5028.14510891989,5572.17698802611
"HRV",2019,NA,NA,NA,NA,NA,15070.8552651381,16234.405553222,17320.8777002177,17734.5050116504,17678.3897811663,18364.9786763039,19672.1961430575,20793.7649202038,21944.4266405828,22849.6528412662,23793.0530384974,24949.9351111624,26203.4349393049,26731.167404834,24834.3448473747,24586.1306071014,24649.7958046265,24148.7453554322,24119.7572169774,24114.2243450488,24927.0349236527,25995.1913501162,27206.9654125638,28219.9630188516,29347.5482268596,26945.9078640121,31630.1766373982
"HTI",2012,3598.9822459011,3593.63930483279,3336.83647264565,3095.55799006796,2674.59159416066,2884.8914113037,2948.95296785278,2973.39104579357,2983.34025451691,3008.93460989969,2980.19165427549,2917.11352716224,2896.80854078112,2946.37715104224,2859.12602112778,2898.31752556531,2900.43780013471,2987.13007872748,3017.07473117556,3143.7734329996,2932.27914885562,3047.27457223833,3015.8586575098,3099.47732200378,3106.98495517343,3141.04680607943,3153.17630884247,3187.78976136778,3197.14126514751,3101.5941218094,2959.08944447288,2870.1450365554
"HUN",2019,NA,16429.7010794849,15932.4996239844,15858.7854892973,16348.5314766891,16615.1625534699,16657.4438558668,17215.6552344826,17928.7345289766,18531.7496543312,19412.1834111207,20249.4476396525,21270.0124793944,22200.1034081041,23362.8116037033,24414.5827800472,25417.5470560859,25527.5638613037,25829.0324433882,24162.2676854252,24477.5753134225,25005.286658847,24820.5161149403,25337.5872257154,26481.1657207028,27528.3058524247,28217.3540374351,29501.1204204706,31122.5027861567,32649.141606821,31231.5959420002,33593.1519691848
"IDN",2022,4519.72279421074,4742.62212983506,4965.1336102875,5200.02274436076,5500.55260229778,5856.21189193332,6212.67127632879,6401.21516887855,5474.59756980763,5435.75524917065,5621.26204059787,5744.49398762402,5921.07784712137,6121.66619155419,6348.29457918128,6625.61466466164,6899.85120377747,7242.01816570773,7578.20522100623,7828.80918805405,8212.63445355321,8610.52884835933,9015.80086111248,9402.1079541146,9759.02520719293,10121.8409246605,10519.2950589966,10941.9209510231,11397.4314013759,11857.7891170417,11515.7403463687,11858.1465116385
"IND",2019,1819.02159651288,1800.01090232615,1859.71485077115,1908.57822361526,1994.94394212161,2103.72715529473,2218.82434213447,2264.79557073265,2359.89255117272,2521.57665792208,2571.14965568846,2646.87822424904,2699.17810240919,2861.57470800053,3037.06381503522,3225.54433045079,3432.8192514162,3642.00241028405,3701.39547865959,3937.23764188214,4213.36299135173,4374.23227160662,4551.86212668958,4780.12034494608,5071.04708421309,5411.87558832619,5789.67806579605,6112.06664986172,6436.15340234422,6608.62407769303,6114.03158047243,6592.04179103212
"IRL",2019,26706.2558066712,27065.5347625681,27780.2292534741,28386.0024217672,29901.750009353,32614.9661080609,34745.803883287,38190.4980640358,41107.2990688178,44926.5289446156,48500.3473666542,50266.9576734743,52342.8603565805,53049.1678621127,55623.8868409015,57548.9967906443,58812.3062452685,60170.4182379259,56312.5041323963,52902.8881329505,53500.9148897485,53712.2857359299,53482.2006452691,53800.2087807366,58027.8389827602,71490.8030914262,72106.7986291405,77749.2019569363,83340.3915953792,86681.2701326,91099.7485419568,102496.220004421
"IRN",2019,9442.24811639528,10239.6812398372,10331.3291969548,10114.0394764231,9904.10017030173,10006.9331483107,10503.5924565087,10495.131328431,10547.8397286288,10589.984709172,11026.1018073584,11098.4462354545,11878.8623553506,12785.9301389304,13126.5825527074,13328.9563942001,13780.7279300197,14689.5604478366,14525.760246922,14473.8328895028,15099.4601948801,15302.2019356122,14541.8493733631,14113.4577883095,14538.5218696862,14010.8582615974,14968.595046498,15163.292311303,14628.946343642,14084.3535121898,14432.36271404,15004.6879711363
"IRQ",2012,7449.47165519372,2650.08686860807,3410.74050793459,4234.24060310965,4190.64124949592,4136.3256779175,4445.65263007097,5222.93007445505,6822.68101559264,7763.87253379783,8779.79256186123,8654.4536917727,7693.85803867186,4726.97404753357,7044.68682500453,6952.88933035738,7292.88705736069,7493.8439168457,7955.69609819,7933.82117632727,8178.30525184649,8493.08246699665,9251.98240288708,9503.87503980183,9194.86407751355,9371.21348719184,10404.2038670674,9976.85494186285,9995.04951307618,10299.3162890193,8919.79745592493,8962.3941427692
"ISL",2017,NA,NA,NA,NA,NA,33666.1804992579,35014.1990887885,36732.9319274562,39017.4376817623,40103.865986755,41530.5173238278,42626.9230684437,42484.5161077418,43095.3568616423,46051.74388765,48104.6518132004,49956.8486452996,52827.0101225049,52999.4375361804,48770.9503367158,47457.6229185836,48186.1672876621,48440.2550840897,50168.6885349698,50450.7416120996,52142.9328074888,54665.7639158138,55638.4920591796,56816.363605094,56923.1724505126,52174.5723818771,53586.1556357122
"ISR",2018,NA,NA,NA,NA,NA,26668.6191125109,27520.045903373,27858.3998116112,28349.1471205167,28556.7957546025,30223.8827593659,29618.4179945428,28994.69700397,28872.8188166406,29724.1472469172,30412.0788042328,31547.2317194364,32861.6731359532,33332.5884496923,32832.7309981456,34065.8420318216,35301.8199783301,35552.853258313,36436.3843546278,37144.4807021205,37321.0169615304,38251.2969437741,39121.2958325461,39936.7677537958,40810.0545001143,39351.8959819247,42061.2409157787
"ITA",2019,36585.6799028741,37122.8219323764,37407.1113238593,37065.4341248987,37855.0077387082,38947.2013118497,39429.4955552037,40129.9018819235,40844.745605278,41501.788369041,43053.93306429,43869.4279411713,43915.385340484,43781.2199783421,44118.0366368665,44260.8274173515,44918.1703531499,45356.5367193485,44623.6020153057,42074.9212455091,42664.3552727925,42892.3055641948,41501.7112309705,40268.1127892773,39898.5264609826,40247.8290437942,40837.7376281437,41581.120790548,42045.9214694407,42739.0499116836,39065.2820998578,41929.4311112097
"JAM",2004,8692.50223491895,9038.11356680737,9128.91176945706,9889.12168397551,9924.54480855591,10055.7999397401,9951.08526702805,9752.6572892574,9445.07798710312,9471.59863925013,9496.54312229754,9575.87610032087,9719.60250127921,10027.3687060882,10110.535305957,10151.9766153146,10396.5932329678,10500.3339496435,10376.1023751649,9885.0239292059,9700.02741819298,9823.77352773865,9715.20835448434,9718.62476276768,9745.55400812848,9800.50685019155,9906.04021998967,9984.57711737026,10160.7632702319,10244.3661921245,9198.14840477201,9596.56440432683
"JOR",2010,8127.62650599658,7839.87332320812,8500.02578814596,8426.27139533011,8426.70162188899,8587.84663873741,8480.81699284242,8530.06425752918,8586.14277875751,8686.43840193284,8866.47764469964,9140.06700940275,9463.03653614212,9636.58916168536,10204.412809423,10751.7712542474,10862.4617589575,11028.3121611647,11540.4037360135,11856.2887952395,11866.8808292154,11885.238655168,12001.9902573897,11542.2925185536,10605.3492919709,9912.71315874814,9633.10076659884,9629.10299858489,9584.50699018458,9551.16538398891,9203.37577335892,9223.14753827392
"JPN",2013,32846.3896070232,33870.3740402071,34048.7845542093,33782.7354457333,34053.5242335989,34867.5803906089,35878.7894669399,36144.6175538208,35588.625115631,35405.0801304671,36323.0952973411,36375.5864162464,36306.330204805,36784.8810250825,37576.3898917125,38250.6380111696,38751.0050046681,39280.894898666,38781.1987266546,36577.8634039981,38069.9560385983,38149.6181079417,38735.8963494252,39569.636574469,39739.5411241697,40402.581505529,40727.9688771598,41444.2157443914,41739.2033210358,41697.4119392172,39935.4647219912,40784.3817738835
"KAZ",2018,13475.6398976651,11917.7140498108,11294.7365777633,10292.1983187675,9126.25583043666,8552.45199652571,8726.5384771197,9016.00324724515,8998.90120883664,9330.56478866572,10275.7618712984,11682.8417915151,12827.2310828805,13973.077738521,15208.440248666,16536.0154072377,18112.7787011954,19500.4789415616,19770.2166481541,19614.7353205278,20751.2572399462,21970.0839239319,22702.5788406786,23720.8160716034,24355.7561188887,24290.4176339265,24210.8629616382,24862.9661245889,25544.3447563035,26351.8044418782,25361.5079910763,26110.5300409561
"KEN",2015,3655.36205689276,3590.74475362224,3455.49133713816,3367.16782344836,3357.71046121944,3408.54222170657,3455.10067372916,3379.89649336448,3398.47204540693,3380.77643972631,3303.32644478253,3325.9119021003,3244.17633427425,3241.67466546986,3306.78995368234,3399.40399436984,3513.34826922701,3644.33491298608,3545.5935023918,3555.98825879606,3735.79292552312,3824.19746656761,3899.16707145766,3950.88143214613,4055.11318821563,4163.92474700255,4244.85762585861,4312.90891724989,4464.8132109268,4601.21137258037,4498.38263808418,4743.48643240486
"KGZ",2019,5158.31756938857,4671.52284995626,3978.90991431132,3362.82900036889,2688.35177848575,2517.28444986231,2656.01771956498,2877.09856921599,2893.41753463875,2954.95412236834,3078.90925165177,3212.13354709558,3182.23289483477,3370.43019920369,3563.8753630917,3517.72050884889,3588.08991816079,3857.65390900444,4142.211454027,4210.62634731705,4141.07720559948,4334.6607889257,4259.31820386993,4631.40326661448,4722.08600228701,4805.14109238388,4912.38248430885,5046.69153549095,5133.15191442989,5258.36669631142,4726.19655886361,4814.95643768875
"KIR",2019,2045.23682558319,2005.51312177089,1989.6297412334,1976.68468332892,1981.42968244739,1951.83505396298,1952.5427661457,1950.33179269824,2041.96462062229,1976.36843014667,2063.55600153969,1994.91748704136,2028.5941953132,2027.55827819581,1954.68301469838,2010.92879774206,1971.39879033473,1973.74975405679,1895.88978830577,1874.50942089999,1819.20135058902,1819.65658494124,1883.17343989424,1932.23533733203,1883.23055597178,2038.4864401048,1997.82285428778,1962.31955397018,2033.72827881057,1990.51796828171,1944.84695873406,1937.08929621933
"KOR",2016,12656.3960621654,13882.4210132027,14590.5330031829,15436.3878598431,16698.2761608778,18120.4938973,19364.9413736143,20367.9736411368,19184.2237513721,21232.6097622601,22963.638542808,23893.8970105335,25591.3990470142,26260.3684104578,27515.951769057,28640.7062360909,29990.5220008606,31569.9311989123,32275.1252504764,32363.9686586535,34394.4904890551,35388.9769124478,36049.1934873539,37021.1341641003,37967.475617995,38828.7409976118,39814.6589279289,40957.4180587145,41965.890535091,42758.5903686092,42396.7619441995,44232.2057253487
"LAO",2018,1939.08623861287,1966.43868028,2019.39134480369,2082.09755399811,2194.52686764077,2291.87443559782,2394.06835106124,2505.6241751448,2557.18395506227,2696.16393881473,2804.81827700062,2918.38732165167,3043.4828437009,3181.05497613751,3336.8997825412,3522.28790031457,3765.64866792405,3988.16972141056,4234.00189042164,4482.89976176259,4793.22398456913,5103.54895952885,5434.83468573562,5789.27540028467,6145.49721851855,6499.072931782,6850.58090679719,7211.25908924885,7546.33425365984,7840.07138309428,7763.94888134096,7846.97502229276
"LBN",2011,5862.83659812209,8587.33701969104,9788.92321671508,10634.3918474571,11291.2891765022,11802.4234815545,12891.5496020666,12795.0467438942,13037.9737491221,12752.0629244267,12711.9465634501,12993.8625160707,13264.9888262808,13516.334418943,14198.5513377773,14365.5867093255,14350.7479191353,15394.1851999126,16522.3348340401,17979.2579075027,19239.5648317212,19216.9679012587,19202.547426707,18180.3668430984,16863.6372336653,16611.7201915507,17248.189483819,17808.076885992,17970.9390176012,17172.1976534388,13780.9584413987,12977.2022971513
"LBR",2016,NA,NA,NA,NA,NA,NA,NA,NA,NA,NA,1725.14489392022,1724.05975028423,1742.78914226299,1207.72603202828,1224.57174990412,1232.45685670626,1258.7298462622,1311.44526775915,1349.02823170644,1376.45310208172,1418.67581852205,1475.83926884669,1538.40722095826,1635.95824966995,1613.86547979499,1581.0551130224,1525.45801338777,1533.41123787771,1521.73347067984,1455.63764867217,1383.82809910001,1423.22958890403
"LCA",2016,11419.0998247652,11305.7220017988,12025.494110993,11918.5818548565,11950.9888837356,12017.2866662477,12238.2856912873,12037.2393122257,12679.683627663,12903.0599464545,12808.6651651626,12287.8560678183,12247.133838708,12671.6863281382,13493.9384309135,13345.3717582215,14079.8673035482,14228.4706330578,14838.9644225139,14324.6931708375,14448.2644012265,15133.3971764467,15017.7459046276,14469.6488933772,14605.2202713887,14339.1094623637,14810.6370483428,15247.4588403888,15622.7780432148,15460.8007622338,11651.167126301,13045.9553824087
"LKA",2019,4011.65620094147,4145.94903118721,4279.2966174098,4526.59156567781,4735.26080555389,4955.05403570073,5108.5166162587,5405.24737202231,5630.64597496787,5841.736802333,6154.54624280885,6016.46019313511,6205.52787564641,6518.90333708599,6816.02725335967,7182.98824237544,7674.51357271899,8135.80113929163,8558.66410134812,8800.10718750048,9440.67216941382,10190.3491737816,11055.6338854001,11414.1668237289,12029.3754492889,12420.5529722515,12904.8538635735,13584.1931075112,13753.0548881678,13639.0218853482,13095.7602883944,13386.6813153923
"LSO",2017,1265.91890955313,1331.52705923491,1401.93210081589,1430.37872111406,1495.94830205915,1526.45469701791,1594.5616862648,1638.96356400887,1653.21958622323,1653.92269100342,1714.25017639875,1774.55611727022,1789.13601715139,1874.94421336739,1914.01816701338,1988.33220122217,2073.11570386203,2152.65624368253,2258.37681636358,2214.31160731154,2315.27678917299,2404.3627744989,2535.47084207004,2557.00031988502,2574.29638545091,2625.63708345911,2688.13459869653,2571.69411268488,2541.45275851697,2533.1190580334,2292.19521025437,2295.23221517628
"LTU",2019,NA,NA,NA,NA,NA,10640.3600314613,11274.6401082973,12302.1012042126,13317.9077290717,13259.6169504528,13846.6832884609,14872.3790941775,16004.4388997159,17839.7827376226,19226.4692652314,21053.1846048184,22977.9966473047,25835.3680157114,26784.8800343204,23065.0619581523,23942.7603567557,25968.5834234521,27330.8959483858,28589.0266601627,29855.8314910326,30748.1963109529,31925.8034212317,33761.871239796,35446.708082914,37184.4536013211,37166.4115832708,39305.6130533838
"LUX",2019,70860.8191239509,75961.6687167113,76323.3047532824,78468.9217598348,80365.2245079687,80379.1276289992,80401.0320167454,83702.8135298171,88185.8001102476,94115.3840349976,99301.5269991515,101143.147977096,103317.331098088,104743.000088458,107634.837198018,108632.360015806,113346.03578151,120647.822958963,118154.667184464,112230.081410148,114343.988089326,112998.390476598,112137.135491328,113050.663254336,113313.578897944,113182.728563365,116283.699681286,114985.842235989,114164.468558094,114542.496933956,111751.314751362,115683.493708265
"LVA",2019,NA,NA,NA,NA,NA,9599.14600512054,9959.12103256898,10947.7811787651,11751.7141390099,12174.3037617541,12989.8984223071,13990.8438438469,15157.6207991021,16593.9176780452,18165.7494053668,20331.7000316611,22975.5627557469,25466.7829206417,24899.6463833677,21704.323785183,21173.4018014357,22117.4066807932,23970.4525106364,24715.0657086291,25423.4891072025,26628.354680838,27509.3363266025,28673.5633962664,30051.4025635035,31038.6792668747,30568.5018156322,32081.4547187248
"MAR",2013,3595.33374023438,3789.9951171875,3649.87182617188,3565.513671875,3883.27661132813,3617.81372070313,4003.98901367188,3882.95922851563,4103.55078125,4089.88354492188,4111.650390625,4353.84716796875,4431.3037109375,4636.9921875,4797.67529296875,4889.10986328125,5189.35498046875,5302.1708984375,5543.08837890625,5703.02880859375,5841.87841796875,6064.43212890625,6160.99853515625,6352.43310546875,7462.15283203125,7687.69091796875,7632.185546875,7921.619140625,8072.08642578125,8217.5986328125,7545.9951171875,8058.39697265625
"MDA",2021,NA,NA,NA,NA,NA,5694.43590946124,5370.51259903959,5479.19498017509,5122.80459400246,4958.03402467878,5072.84154512426,5394.33453724765,5828.57481191138,6230.78210772563,6708.43928548132,7229.14071089401,7597.22455725261,7843.29462269869,8471.18109935887,7972.97079947616,8547.58077890931,9050.12597779595,8997.93382194521,9814.32315458583,10311.2876874657,10355.5395016635,10938.5847666863,11651.1863520107,12367.7638257765,13030.1830360711,12201.7782985285,14009.2260199103
"MDG",2012,1808.74353873908,1644.51004750273,1614.09341961532,1597.76944288438,1547.64604606242,1524.49359590633,1508.57019626938,1515.44655181388,1526.06591786497,1549.0308036449,1569.62133811435,1614.3857326041,1372.8085262595,1463.5679216968,1496.07007063058,1522.06966738691,1557.96706203547,1599.43622506286,1657.8235885763,1546.37068096956,1511.98672969382,1493.44248151783,1497.00952168326,1491.07410967596,1500.91059468675,1508.37443971867,1528.56170911945,1548.1564247984,1557.32254578551,1585.47165110942,1436.20695047955,1463.628732621
"MDV",2019,NA,NA,NA,NA,NA,10430.7886458859,11010.3093903623,11704.3145588578,12362.9673929364,12922.7995661622,13210.9649888979,12477.2248601651,13156.9920094023,14717.2426977368,15351.6955269511,13124.0568112964,16162.2823755567,16834.7443882095,17788.325753331,15927.7959309328,16492.5312179554,17290.2090587306,17126.3408037059,17768.608555517,18338.3231957465,18051.0702823842,18406.2683480919,18973.5689598296,19789.4897100629,20574.4044296743,13419.3345511644,18765.2163511231
"MEX",2019,15355.6275509461,15689.6587836685,15931.4828867171,15930.4839148547,16402.258161703,15087.589629292,15825.0937520662,16618.9132540326,17184.9431894038,17370.8129070839,17942.780345094,17596.7867366015,17324.3536521552,17315.4550005213,17731.8028266285,17883.5354077201,18434.8865389948,18610.7314252761,18586.4712913441,17387.6619121784,18036.7175885079,18432.3687850786,18838.7838966163,18844.0303377488,19141.920663054,19542.8898869992,19830.9624860394,20032.4086125948,20278.2163070623,20064.5004997154,18327.9907632396,19086.1046802563
"MHL",2019,3426.38108235045,3356.06944508604,3523.67987861926,3664.42091548753,3810.05625781758,4052.88972250768,3576.35393472147,3293.43374486975,3216.92613641502,3137.01484864916,3156.62437032097,3360.38547552144,3480.80317411058,3424.74624615477,3473.90659334544,3541.87568822688,3557.4936193521,3689.73560278426,3421.65970094191,3562.10854808908,3767.67606511169,3787.65460804102,3793.69402729144,3998.47205700921,4026.85481461107,4195.83437514427,4376.16892975747,4634.93684631249,4955.12952209616,5647.06691717954,5710.97293034033,5961.81651433348
"MKD",2019,11111.2456377054,10463.9268264193,9867.36803375276,9226.95975216991,9130.73810517512,9022.10148212076,9082.0461203094,9200.63205055485,9461.01921295634,9824.461796112,10224.7153611322,9869.54113918858,10089.9730570718,10280.5641898764,10730.5330267058,11213.668869449,11770.2265498599,12511.7431877325,13174.8593595499,13103.45905184,13515.014815821,13807.4992214832,13727.8065993854,14108.9258887938,14596.6359580977,15139.2887585478,15553.4774779191,15706.4827012923,16145.5755063393,16773.081717702,15779.7301930183,16464.3764821676
"MLI",2018,1336.57190539601,1464.26278993535,1388.73085237522,1403.25272719915,1425.51174102886,1408.29122026004,1476.2877848593,1513.60749605431,1588.17253903686,1633.11758820554,1585.3480784408,1774.68236498843,1773.34508393947,1873.98891491984,1842.05637945161,1898.62368658673,1922.5261794969,1925.06343823198,1951.77377416132,1980.05922117041,2018.60145470082,2017.14415640244,1942.73950045765,1930.13495066071,2002.37292847122,2060.09854883386,2112.18707547063,2153.84563800797,2185.5755906423,2219.04674252443,2123.82820216377,2120.62330123011
"MLT",2019,16127.8315252544,16681.1816827312,17284.4483657815,17879.4544813242,18713.9949067393,19762.673304009,20374.9690913399,21284.3874272254,22230.3863614957,23142.0473850119,27518.6736508671,26991.8841477117,27478.6181697883,28410.7709432283,28259.9911653596,29030.4693735498,29651.0502030048,30958.831840812,31934.727748734,31335.7383673903,32910.8068825715,32924.4162506232,33973.5900451333,35333.3866979889,37278.5832659762,39896.8115109774,40312.5316992969,43508.7832565182,44607.6382717947,45425.8069251886,40733.6954418953,44650.7457388831
"MMR",2017,581.613311207808,579.378753342704,597.202183388265,635.107184332737,669.375053140006,708.504878120141,746.426565295562,781.596071673782,816.526211171425,875.418496916139,973.395538105398,1083.41941973722,1198.09469726169,1340.87273211032,1511.17153181783,1702.30968192177,1914.24156880612,2137.64494345301,2360.54324023081,2591.0463042135,2830.28405345417,3018.46161417534,3187.11491816792,3409.64889509132,3658.59353837648,3748.29422207632,4109.55741244518,4312.94738940376,4556.28116841647,4829.53670703209,4947.09396139339,4032.62565252576
"MNE",2018,NA,NA,NA,NA,NA,NA,NA,12579.285087423,13236.0181502565,12024.7013412938,12419.0056269252,12505.1770585822,12692.3011670022,12955.5920135514,13505.0586784875,14048.8540252532,15233.3907402484,16248.3513606939,17391.0372805514,16348.100690244,16764.3647206246,17287.4254658468,16802.4074256992,17381.7486851301,17674.6300866909,18263.6167338842,18797.9111723125,19682.2941546438,20686.5919524436,21533.963774298,18258.97636675,20598.8208057577
"MNG",2018,5030.07325208107,4512.11011124839,4027.77797853696,3842.05218142143,3870.86223099324,4066.75311161881,4110.55360642719,4226.37264317627,4325.08029636949,4415.03193688836,4424.65282869214,4515.46557084527,4687.44465128426,4972.25762517372,5453.99336408646,5800.90934900476,6243.60885616176,6818.99359459511,7346.27875210869,7163.80183896516,7518.83111825442,8685.77986196478,9586.71492358716,10504.8147046596,11107.9889792642,11134.8018553013,11058.9504798088,11431.4980163967,12052.2938123833,12458.0184257633,11666.779701199,11668.4304175882
"MOZ",2014,460.123696680511,473.612003764065,436.376415633059,469.397817421582,476.370758738881,465.833295745524,502.40254145103,544.214075929696,584.068720726015,636.791741056073,628.693279379386,687.193473982929,731.98950838089,762.286182465831,801.427127567949,832.83886074045,890.45295678248,934.736348838618,977.190877362937,1011.56129067609,1047.59143121573,1092.77324514229,1137.28481473371,1179.6700241619,1228.6568351923,1271.96187316893,1279.92050648812,1287.23486734661,1292.89766393116,1285.18482168195,1232.98557643819,1226.76692418199
"MRT",2014,4611.94118707035,4557.46867160089,4467.27563822921,4540.36542516628,4252.87018340084,4542.66200796248,4711.05232958094,4419.58339717294,4424.4100086,4464.21104428696,4170.90157832329,4037.45078024876,4006.36420482719,4192.37881057003,4296.54441493126,4562.73156780926,5278.54732025735,5055.98781719139,4914.83422631159,4787.45187425344,4773.75251482583,4825.08799084025,4885.69217829664,4943.23284130834,5020.1368040475,5151.89987087883,5080.80916325595,5259.06506294936,5367.21643918436,5505.64633125718,5314.84937017167,5307.5219020273
"MUS",2017,8233.91191179834,8506.79745401257,8942.38329008363,9286.095235733,9535.73598541552,9859.45289671433,10304.4526566514,10755.0063133655,11288.7255892138,11437.143955596,12254.2954076092,12564.851462007,12679.4316244774,13333.9020994545,13824.2975934768,13986.9679793308,14599.2596439159,15365.2093580967,16134.4745655397,16625.1401462878,17311.6252417235,17988.6831197124,18566.0298106826,19147.6760417643,19844.4885545617,20549.6281624132,21328.6882468045,22148.6243877672,23023.5001913032,23681.5804484727,20224.2224178688,20967.9479251486
"MWI",2019,939.176277760977,990.848048383293,892.425227427108,965.38347388698,877.254248316911,1025.93070130182,1079.88239398893,1099.28332071415,1118.71533627141,1127.38160810668,1119.10168653125,1038.50942623303,1030.5605389658,1062.01233212418,1090.4081099744,1095.65571483759,1115.43823163782,1188.35468145785,1242.86023421465,1307.80822280294,1357.87172368421,1383.58096506989,1370.30284793874,1401.66001176534,1440.80766012808,1440.84228318132,1437.04169197779,1454.77749244971,1478.42483565789,1517.70316939192,1489.6013808411,1491.13388791687
"MYS",2018,10607.7693717185,11297.5920238097,11963.2676704259,12785.8336730708,13579.7142353889,14508.4602517248,15533.755185376,16231.7988202436,14650.202096579,15161.4072950016,16089.861265572,15762.7774514835,16199.7332401781,16723.9251220156,17439.764284459,17951.3920985923,18535.0540357923,19278.4237859572,19792.2682013081,19110.7525580209,20171.8806334656,20900.3222206047,21690.4566730269,22350.908174307,23328.3437775872,24151.2591377915,24859.7996622172,25935.1426975539,26835.8096980631,27674.4016160348,25830.9717214351,26333.1563380692
"NAM",2015,6223.45299149116,6510.01209820241,6758.10270623216,6439.2511663758,6346.29859247192,6401.02289375308,6426.37987279473,6526.79788042661,6575.76338740461,6635.53911764096,6713.00255274828,6655.75024804882,6855.83880975703,7046.14750747527,7812.86143375938,7914.73283650675,8373.48262858157,8714.10345282176,8826.27359738165,8726.681848503,9115.5065080165,9431.04419438545,9747.81971581597,10122.1544732686,10554.5647485551,10813.2266245939,10627.6351134727,10335.2674233219,10266.1705492656,10009.5780666664,9048.18352256337,9137.79706237595
"NER",2018,1077.91146474223,1040.36336746986,1028.65516359773,999.922653353452,986.257818521328,977.482537464639,946.072600598582,929.01349318949,987.709713624839,952.499580194841,909.317004941121,942.268155197627,954.876243742714,942.005407629776,912.465794691559,944.848197027134,965.357252529784,960.092556541167,997.024440394444,979.654029431061,1024.738364706,1010.32699497906,1075.1459821809,1089.87313971768,1119.13721200759,1124.41007649402,1143.86070144165,1155.97355904554,1193.26561640112,1217.44598648234,1214.54655621077,1186.57680884535
"NGA",2018,3259.58117509029,3188.51031348849,3253.03391971921,3106.41482555884,2972.50495004245,2895.35058850418,2941.56133011896,2952.51924730111,2953.4780343962,2896.14790852422,2963.27409777631,3056.51128547328,3431.73286146535,3585.9946031434,3813.52742124912,3951.18281855945,4079.13565382941,4231.7641568009,4396.80055456588,4622.36354035931,4857.26627077743,4975.63820133476,5045.47172028816,5238.8326721415,5424.92451124901,5429.09962085831,5209.07415509005,5120.00559777914,5089.77763402092,5076.36829020617,4865.08683216908,4922.63245228635
"NIC",2014,3409.7759323466,3325.09157924601,3262.62955159694,3178.36406658143,3214.4527745005,3334.79037640705,3479.69495941983,3555.97006309171,3629.69250738249,3827.1252438507,3927.06192466964,3989.18732993529,3968.63705794251,4019.7146739691,4183.60801136429,4308.01501628184,4425.97192473647,4586.27120470923,4676.90578199093,4457.93376161209,4586.87387502124,4805.40210803224,5042.80344604809,5214.52860239618,5385.49850206405,5563.00409511173,5734.35511381943,5915.37544335424,5636.63988647687,5348.98731546075,5181.72704217943,5638.74793075852
"NLD",2019,36461.4190196424,37057.5831275013,37405.9299673421,37613.2521936233,38494.2178517725,39498.1368221301,40691.8903167389,42235.4890688287,43933.5681069516,45839.1314634489,47422.2034047837,48160.7843668965,47958.3319661157,47806.8844286609,48586.7046242077,49467.4354267059,51097.3626113331,52909.9697572206,53848.2522316971,51607.6057272318,52032.9865022429,52594.2290064164,51860.0559942119,51640.0766862304,52186.9973861206,52974.1162200949,53847.8265545448,55088.6338006744,56060.9136269404,56784.0372529824,54275.0030465677,56617.3517924422
"NOR",2019,42136.6031677456,43229.9163195117,44517.4357160017,45512.3902170491,47541.7667101406,49260.9695215676,51476.1992154047,53903.4378206491,54989.7027325446,55713.7558893203,57127.3819959897,58018.3114261599,58540.8454427638,58728.1569902155,60699.5665822807,61870.3645561435,62846.9386813354,64062.4393106033,63570.3414789942,61689.5585425125,61353.4773254345,61157.1299274456,61990.6923569269,61878.9751793609,62390.1303126574,62987.5162863772,63104.0807823312,64050.7561654659,64341.2586813606,64385.0059928545,63548.0008158322,65662.1743876638
"NPL",2010,1554.6020430045,1611.35951281728,1631.23071537753,1649.00812807244,1741.30936085873,1760.44496331039,1815.31261612648,1868.78379993612,1888.28753441282,1935.69172280422,2020.85543796567,2084.19999917275,2055.7227160552,2107.64096545499,2179.09301501333,2230.78916040046,2285.51221357762,2346.2592228798,2473.94174348691,2572.17507963628,2682.69869768126,2763.82884521048,2886.09752232318,2982.28699974016,3152.29326141144,3260.03499803884,3244.67429976078,3495.52880048305,3719.30777543436,3922.08133124638,3761.80278751871,3831.94839530151
"NRU",2012,NA,NA,NA,NA,NA,NA,NA,NA,NA,NA,NA,NA,NA,NA,5343.42828523809,5190.04329736777,5689.84461815871,4400.85164252124,5391.4215882003,5887.29845451195,6536.33272412859,7160.59921915598,7851.37540205439,10015.1237595363,12390.3685046889,12567.816289529,12729.8608861998,11746.626949751,12209.9479164263,12000.6115195736,11958.1716233181,11947.3948360866
"PAK",2018,3061.53338764049,3114.24209884042,3267.2906884217,3240.73554927622,3265.65127918389,3328.00192048791,3384.60998571165,3319.86947219481,3307.51008837316,3331.95304121718,3368.68189685474,3382.20483841959,3381.14081311618,3499.01860241277,3679.90711550373,3836.09028707792,3978.01932699517,4081.91188535822,4061.88650675956,4084.82537302128,4058.0086198212,4082.44948753995,4150.32564036774,4266.71141812156,4403.67261167579,4552.60565396948,4746.71755767312,4891.71977393238,5113.43429232337,5157.546571801,5004.35224191866,5232.14277317459
"PAN",2021,10817.8448032573,11590.4148089618,12284.064327353,12690.3622254719,12787.7865989393,12749.8239855411,13004.0676608492,13568.2250675722,14275.6672614056,14542.8114073091,14646.0335365807,14444.8142326183,14483.0845443685,14804.6245453189,15615.4005445744,16421.6075724098,17510.3489514996,19248.560340811,20760.491260457,20640.2157383346,21455.6831549617,23461.8735965497,25302.08078276,26576.8640377953,27440.5669788411,28512.9248173028,29410.6350691161,30526.3798548751,31125.6242447643,31543.6060613792,25510.2734507641,29037.9451962302
"PER",2021,5240.25762333255,5244.14464183289,5110.73742048642,5271.98188595675,5804.9993278689,6116.43877523639,6171.95520218406,6453.02133857947,6315.01541683095,6303.45605337146,6375.61631586323,6329.41288016819,6596.55019217202,6799.44966546457,7067.35560851936,7443.93111806358,7938.43495182095,8548.60402724919,9262.15113614585,9298.07800349067,9996.93732259223,10539.981964216,11084.8739365499,11620.6444470691,11773.9441346308,12015.1871556329,12321.3181539792,12442.7464624852,12696.2362890388,12735.16827797,11176.9186091704,12514.6514108723
"PHL",2021,4232.47759456684,4115.0171542867,4035.92811043223,4027.89530146198,4106.68463412832,4197.34496344803,4337.19641301663,4450.85461508735,4322.57712356895,4364.28354170576,4455.67246344581,4495.36104914987,4567.23446761432,4703.66642132758,4914.03623500751,5058.04748650866,5227.53299731241,5465.15182357734,5596.91304505301,5574.45260874348,5876.47814033973,5995.43098152636,6298.16008566834,6610.85122176178,6917.74914985503,7235.08140148556,7616.04976938444,8001.75648006143,8365.73245055512,8731.860868896,7773.26023073223,8094.69299422472
"PNG",2009,2907.35141333124,3084.34379024768,3387.85927306644,3859.9471860592,3942.23668475348,3675.62721944801,3819.67975341656,3541.38835604057,3289.60679418392,3235.69774008928,3047.9168378361,2942.61658395417,2841.16254524583,2808.10859024266,2791.84861578413,2875.03357428129,2935.97109423635,3068.07404790374,2966.01676868163,3072.62861647527,3283.7150474769,3225.08747681108,3282.80901530747,3317.8159637727,3669.91313463704,3813.11429259364,3924.35591939071,3966.94743172774,3864.94452055573,3947.86549014703,3741.59671973688,3677.46021264754
"POL",2019,11259.4374539943,10432.4553060386,10662.0805170735,11032.5539913076,11591.9988643683,12398.5241269417,13146.7560855391,13985.4335763903,14629.1983574495,15311.4429382645,16177.8676699697,16385.9971738588,16727.3397661722,17324.2161873998,18198.100044371,18844.5574819997,20012.6211116462,21437.4577379953,22334.7808599997,22951.7848210238,23692.9092287668,24874.1718607858,25258.5933172132,25490.3289111664,26488.2002530072,27667.6890834735,28497.1036117662,29958.1207092074,31739.2569617723,33159.749027584,32546.8259419319,34915.5235741243
"PRT",2019,23556.8562074936,24642.5996159056,24930.4506344601,24391.1998484727,24560.3570613836,25523.7060223176,26318.9751263398,27354.8368117354,28525.5174324377,29472.7098799307,30383.1378175177,30756.0189546063,30823.8490440796,30422.6020285721,30892.8198811263,31076.6441205289,31524.7495680309,32251.5690977426,32307.912767932,31269.4104613004,31798.1538079411,31304.8155263075,30156.7015822628,30042.8907185982,30444.6002091947,31118.7906703279,31847.5377347647,33044.7167387479,34040.7253873665,34945.6615139469,32011.3251586829,33674.5272009225
"PRY",2021,8818.62937058954,8888.47829797121,8808.78439049477,9013.58945742563,9262.53556900586,9661.06889884326,9588.72401371918,9774.3152366375,9572.0537151699,9248.59373640073,8862.14369215816,8640.30283866053,8515.94666738008,8773.13852976157,9022.79829014608,9113.41175116844,9451.76055686211,9865.32641690404,10403.8405428603,10272.1771773849,11281.2557333508,11613.1685799089,11376.4073007467,12150.9715219326,12616.4142339973,12806.0966786058,13163.7401933187,13604.1747171995,13848.4991149602,13609.72300919,13317.3211184333,13687.6551218631
"PSE",2016,NA,NA,NA,NA,3951.20549285021,4047.12848777267,3916.92577525948,4294.74609802983,4786.48023587714,5052.06407236539,4503.24884871918,3980.93334903897,3395.85502779122,3774.13239294371,4485.52545771034,4866.02847430128,4695.99472699102,4750.92969249725,4965.37294950639,5250.11607535578,5411.0664822782,5782.68959325891,5985.68324726688,6118.25718135648,5967.07343700875,6048.97659721444,6438.93364028868,6401.74089135074,6318.21006766832,6245.44869712345,5402.5387727565,5643.07224283672
"ROU",2019,13376.1021638667,11749.7766285271,10816.9337179519,10997.264832961,11446.2994209836,12184.4322862025,12697.0950214738,12116.237151844,11894.8948267569,11868.7081497906,12176.5794995535,12992.0052923653,13986.6562544411,14417.7199430696,16012.1919147676,16863.4810766196,18325.6588582923,19943.750072636,22166.3232435232,21118.5250004853,20415.542022561,21442.9414315812,21953.2303312849,22094.3855412497,23091.1553744653,23933.1867241818,24758.7129896017,26943.3477378323,28736.0949971045,30000.977830377,29057.2846039286,30771.4357160501
"RUS",2019,21482.748046875,20340.1328125,17367.640625,15870.60546875,13880.46484375,13308.205078125,12827.1162109375,13028.2080078125,12358.15234375,13189.7939453125,14569.9365234375,15378.08984375,16175.09765625,17434.80859375,18765.51953125,20042.814453125,21757.46484375,23647.265625,24887.853515625,22939.693359375,23961.220703125,24972.078125,25933.29296875,26332.396484375,26057.15625,25488.095703125,25490.708984375,25926.443359375,26656.41015625,27254.57421875,26583.796875,27960.1015625
"RWA",2016,932.657560244339,889.078862836293,920.206399188057,819.110583970208,478.468200998479,765.982333024233,731.332858116533,729.316258001506,769.05563590939,793.011323063521,848.754323511245,908.008780771774,1009.58054854632,1008.24974564444,1055.75657977651,1124.7709155947,1196.2478273028,1253.34098835785,1356.36508887682,1403.55869226554,1467.73629459017,1544.40980107692,1637.10084848927,1674.060922463,1735.54544997065,1844.71689618384,1907.68168025899,1934.97295529462,2050.44086872755,2191.40160888613,2067.64170792974,2238.95732288976
"SDN",2014,2756.53002929688,2909.6162109375,3052.7431640625,3140.02514648438,3095.87158203125,3195.8994140625,3303.66796875,3811.52172851563,3887.14038085938,3911.6005859375,4040.61206054688,4183.4326171875,4316.29150390625,4467.1220703125,4571.087890625,4692.173828125,4847.587890625,4964.306640625,4993.87109375,4707.34619140625,4745.29736328125,5047.333984375,4711.0595703125,4692.27783203125,4776.6201171875,4718.9189453125,4733.017578125,4613.9501953125,4349.2099609375,4133.13037109375,3874.80029296875,3701.06909179688
"SEN",2018,2469.60318819172,2463.92363500478,2427.5108609856,2393.87668831153,2330.07188016527,2396.09436090086,2386.24171411124,2402.38087497724,2486.402663385,2582.12064405319,2620.09797566204,2668.76591245859,2606.87731342785,2685.81519927039,2741.12407814992,2787.52689171757,2779.22378116789,2783.53719701941,2811.47580158389,2812.54907305019,2830.15324428288,2790.8974102961,2824.53285286968,2815.28152503672,2910.2888637151,3012.38337401784,3118.4234944765,3259.19257987366,3368.85859590736,3430.48388209103,3383.88845286055,3495.40359996335
"SLB",2012,2192.06502683137,2255.5342012021,2468.34007250312,2493.34259530556,2618.26090514387,2800.32684413993,2765.22163738541,2664.16816982422,2625.21822234674,2543.39569502008,2125.77050628897,1910.34962233973,1814.16259230885,1888.69793370037,1988.25048688082,2087.20104200038,2125.36659434866,2153.88163782961,2237.51313187026,2250.00838672349,2411.07095700898,2527.87088334186,2526.14679483885,2591.80258375751,2556.72712152321,2534.72572263374,2609.74472187498,2625.08902577519,2633.28847514695,2616.86304288313,2469.10761091299,2406.11360194799
"SLE",2018,1451.25403750035,1467.47988436184,1209.63371754111,1227.93839697232,1198.65037422138,1100.41610182798,1113.73459772576,1034.55843153875,1042.38935724927,1016.01072333707,1057.85566132356,935.038603780048,1116.96645295782,1172.89109044145,1209.0588180304,1230.17871851147,1254.23677449899,1325.77868601946,1362.54610089755,1368.0307564693,1401.57412514802,1450.49354321538,1627.3399583358,1914.73797402987,1952.69219243176,1513.56201714274,1566.84312485239,1593.48352865022,1610.16192339923,1655.6851704944,1586.19603903085,1614.69807086417
"SLV",2021,5191.97145682166,5178.94592116601,5451.63112275221,5688.11479624215,5890.09836034305,6109.74613453773,6107.32148951275,6249.9158649966,6369.40913163038,6464.53168767823,6499.45072296525,6524.19624179878,6601.26294629588,6687.27328136662,6736.90670445183,6916.69366233217,7221.4995244467,7343.91072837548,7470.75137868382,7287.1759161935,7412.97780268839,7665.94806043204,7851.70174390033,7995.63291036521,8100.97530616545,8266.7225787575,8450.2508800789,8617.92170824529,8812.2009379822,9021.42602229223,8267.25102394745,9086.04709819138
"SRB",2019,NA,NA,NA,NA,NA,7752.20257571563,8245.98550496882,8865.0843856926,9196.06702310932,8359.62003172676,8900.61057780298,9529.23465279688,10146.5839071369,10614.3481060574,11599.6661260855,12277.9995062936,12955.9774280394,13846.3082843228,14691.8077622882,14347.8830909631,14510.9904484018,14923.8295207402,14894.2237919781,15399.8117217916,15226.3486541776,15578.2319908631,16182.8519568115,16611.047931719,17452.8285464542,18306.8118974969,18262.7064015108,19827.7568499272
"SSD",2016,NA,NA,NA,NA,NA,NA,NA,NA,NA,NA,NA,NA,NA,NA,NA,NA,NA,NA,NA,NA,NA,NA,NA,NA,NA,NA,NA,NA,NA,NA,NA,NA
"STP",2017,NA,NA,NA,NA,NA,NA,NA,NA,NA,NA,NA,2558.98348167622,2581.7236420899,2724.49382435598,2750.49461999252,2860.1889061465,3037.7755964614,3072.02347617726,3185.3728450691,3187.12226009454,3324.91634692457,3398.27591381458,3433.44351194135,3527.56425367414,3687.44049285806,3762.56977706398,3852.08415599179,3934.89420037417,3987.38365339688,4013.72189725452,4058.67398120894,4052.12336158066
"SUR",1999,13633.7507927564,13893.3088997738,13831.1787492113,12817.2940193593,13123.4244606041,12883.5426749103,12738.4297504029,13195.3704742255,13239.7907019416,12812.7731837027,12848.6066387932,13157.6180620711,13300.3001550147,13910.5054857147,14892.1217675447,15391.9993973726,16102.7255199657,16735.9244945515,17233.7648070066,17554.2657854695,18255.6258203426,19111.1725732335,19415.5776072619,19778.3064061161,19629.2232469609,18768.7948914605,17662.6821226975,17753.0602652976,18438.3466682543,18449.1992080755,15329.1791058045,14766.7480012983
"SVK",2019,NA,NA,11663.992330789,11840.4792595749,12525.7880943071,13218.9921162575,14064.2739294874,14870.2196437424,15455.6010850632,15423.4831045824,15624.5397672777,16162.4808121368,16897.4603971863,17838.4034249237,18783.8957986386,20026.0753787482,21725.9265662,24072.260266227,25392.4766828873,23975.2117503112,25561.7062919058,26210.7581840191,26511.2699367746,26650.3640050253,27342.6272590659,28728.1560075755,29248.8845824641,30061.5514717196,31229.8632709979,31973.4616323691,30867.9723975671,31866.025082395
"SVN",2019,NA,NA,NA,NA,NA,21480.327975747,22182.2116895007,23333.7196815717,24151.5389832882,25421.2948966234,26276.9445587635,27079.4748981347,27994.0619768923,28805.3851190536,30041.8145706637,31128.8298416043,32812.7384858502,34907.3688265664,36075.4669688206,33052.2275423946,33350.6135931956,33568.067345579,32613.4905292711,32234.0257587339,33093.750438441,33799.725526308,34853.0421239497,36507.5530416531,37995.7163789561,39034.2332483558,37098.119340397,40036.4854356389
"SWE",2019,34156.8202971425,33536.0149056118,32953.6182903423,32086.0126428301,33110.8255761839,34233.7027776288,34719.1107469171,35764.6847640308,37286.0953943757,38839.4262714954,40625.3620520538,41103.7264589774,41870.2591560099,42678.2841388566,44354.3910620977,45440.2967492535,47292.3136933265,48557.3843477247,47963.4937520407,45492.768174936,47791.3715245947,48947.4393112155,48300.8425001578,48462.1600029489,49258.9961639539,50928.962975552,51334.4320301641,51947.9542478244,52349.2924275599,52850.5691792533,51331.2822226344,53613.4217306257
"SWZ",2016,4909.26630555472,4795.22855967404,4760.24751474307,4762.49760760924,4875.36803100249,5111.51525538902,5198.78801572284,5267.32711824176,5326.93604769329,5412.97800561914,5443.4393569793,5443.27893937847,5630.80407734158,5805.16184303596,5976.21180197304,6298.53114439771,6639.71844158834,6894.08757714637,6913.34842926964,6989.3779100673,7221.33596420163,7347.20458865978,7701.39398918397,7949.58793350199,7969.20771283189,8088.73448058413,8113.23960658031,8213.92062519495,8342.99766647442,8501.26633464844,8290.40945079973,8856.82897431453
"SYC",2018,14884.887775946,15093.3909409801,16100.2425172439,16745.325230525,16174.6048637843,15806.9543811041,16342.7184060275,18084.1033072948,19224.1187730117,19203.080606402,19320.6408908562,18865.3280621831,18519.1854009318,17627.2685407876,17188.348159085,18649.6839213815,19983.7599686325,21953.9897313226,21007.5800693961,20694.004660655,21322.5387018263,23617.0290623843,23681.346885245,24647.0780658808,25359.8464605743,26198.7213039538,27234.4132259153,28116.7104861277,28740.5498495021,29369.5287251282,26879.7700447856,28760.5162517803
"SYR",2003,NA,NA,NA,NA,NA,NA,NA,NA,NA,NA,NA,NA,NA,NA,NA,NA,NA,NA,NA,NA,NA,NA,NA,NA,NA,NA,NA,NA,NA,NA,NA,NA
"TCD",2018,1027.24442257679,1075.18408664169,1113.22169971605,917.184861097219,987.985613350219,957.24650996256,936.123706359766,955.783478291373,987.982878446301,947.703547525468,907.833513620676,980.469762610909,1027.66998521895,1133.06546734895,1448.4099900066,1632.95423350515,1586.36410518888,1583.70022758587,1576.76519728145,1586.45444016882,1741.0539976033,1682.65774621558,1769.32492045591,1804.82313259821,1861.6929035836,1853.25936456204,1683.47808848358,1579.76060047631,1563.5439331455,1561.99667256928,1489.18671217966,1425.49451245397
"TGO",2018,1740.3102860814,1678.64016651686,1566.28357826943,1338.91365327445,1534.16611627354,1582.25544177604,1657.64570825394,1835.42221801165,1741.72763273716,1733.74899900025,1672.04578630642,1640.80016154287,1659.68376162018,1725.650257071,1664.48107809158,1546.14399605365,1543.17550652056,1481.34005966005,1498.17614049863,1537.61790714498,1588.39824138413,1645.74796285068,1708.38729211769,1766.99508298837,1824.83557347792,1881.90511109102,1937.74255077464,1972.69719612945,2020.96556095615,2080.52424285664,2066.97071625107,2124.80422683348
"THA",2021,7273.05910474223,7772.85768189489,8277.35332729427,8830.57505251204,9401.06528865332,10025.0879356016,10453.3894280972,10035.8699468513,9156.21444567186,9467.92123929489,9791.89597058768,10036.3294690388,10558.4674908695,11220.683300897,11828.8390434639,12228.6609049158,12739.7377155228,13330.2088760218,13459.2465196997,13270.6176143647,14172.2180561451,14199.2795150368,15129.9009336723,15442.3800948974,15509.1811014405,15919.3698642621,16393.3147372019,17008.0384242563,17669.0455750573,18003.6714479589,16848.5843195749,17077.0438781575
"TJK",2015,3990.90060150463,3615.16607189196,2521.43268648005,2085.20910410125,1616.69052040484,1389.10823070549,1134.23099071048,1137.93379836356,1190.65630523654,1228.17021707952,1312.71222596331,1407.99752968728,1528.35692584884,1663.23638770033,1799.83107654037,1884.96075096521,1980.24977517198,2095.81440707459,2219.32260869834,2261.42680495703,2360.01495749678,2481.57195065736,2610.16659368493,2741.22468149227,2858.23542470756,2959.99413803714,3091.22728053912,3236.43934350302,3405.09075589652,3575.2797129245,3651.94210742063,3903.32000724209
"TKM",1998,7137.60372013329,6628.05845063029,5485.97476265748,5422.79225750187,4374.69630761188,3969.82603350925,4162.46449243382,3635.05508773468,3833.5413166171,4397.05457498491,4568.46055021197,4699.06959178469,4647.11499982279,4738.496326135,4912.67286863053,5477.9985097697,5995.36131829254,6564.50420823896,7418.48135939572,7748.14340690454,8321.21959991104,9379.14387596202,10233.4001874194,11071.5171149944,11989.653763765,12540.2838757783,13086.0134078181,13703.5127239741,14321.1395723949,14992.6039591323,NA,NA
"TLS",2014,NA,NA,NA,NA,NA,NA,NA,NA,NA,NA,2314.80999355927,2649.0717822504,2426.35874250546,2329.66069610843,2291.33877023743,2303.01357171444,2152.08051559278,2315.20968511806,2520.2936277691,2717.43648570816,2908.32791959848,3013.7428690441,3091.55833109703,3121.95804265714,3197.49997742915,3228.67508190154,3286.79456789404,3138.43874543153,3070.80851938531,3737.79642798811,4856.51808713981,5032.40999973227
"TON",2015,3625.43679688269,3846.97933732012,3846.95922672049,3981.45485470524,4168.62337489478,4465.1927422561,4535.92260500112,4570.29803548196,4651.01943634021,4793.38937957332,4806.11308235151,4956.96525259569,5167.53905169992,5256.12334833362,5098.84335464348,5074.13495242878,5040.01711931237,5032.44920497088,5257.00556333329,4973.82715964775,5002.63228651436,5332.40359178599,5381.74596208192,5419.37367047945,5552.78208178353,5644.53508312205,6039.0537960444,6256.9812728523,6287.88180207604,6344.31147352943,6356.95972065907,6142.85705405471
"TTO",1992,9766.81789312738,9994.21016171765,10923.5110910672,10779.3796103604,11100.2562295476,11466.5206935859,12232.1077838432,13105.0471171694,14122.6236126548,15204.3097930686,16190.9030405306,16785.6388847181,18018.2961474688,20504.779701516,22010.941331785,23242.6396361257,26162.6444310656,27249.2988164504,28012.8731575985,26622.2938325783,27329.4246905565,27062.3840120133,28642.3354261726,29529.5768803151,30301.9348777031,29876.98073249,27682.4453958065,26213.9245138455,25534.8405191937,25306.6179591636,23391.3162055382,23037.1433010317
"TUN",2015,5659.90741722017,5756.20856130626,6078.84873305534,6091.12372252286,6170.64319434589,6213.17162532267,6560.84916416011,6825.61354037589,7064.03698267539,7406.8417414198,7673.19376274923,7883.36540553723,7908.94408616885,8200.23981412109,8628.27860052488,8846.49016856334,9225.84974470819,9754.75504733469,10072.9506119496,10279.3019859976,10477.3040018316,10134.9968403828,10428.2713960167,10562.6624053363,10766.4969727053,10749.4905735778,10750.7137697741,10874.9468863561,11042.9613484214,11100.8202863177,10050.0458593482,10397.9439407434
"TUR",2019,12535.9196393844,12398.6563588612,12796.127323353,13536.2209483881,12679.874810599,13449.2756277799,14205.066788744,15036.1769896386,15158.999506441,14445.3857396939,15223.3516934721,14136.6705970308,14839.1305823145,15488.1102122939,16775.0791956695,18038.8129252324,19043.6222765122,19757.8203114617,19680.940012927,18497.0090594997,19790.0685961517,21716.2651537909,22422.5364498002,23912.732066547,24600.5182148512,25594.6596877067,25996.966256167,27582.8323486902,28157.9779161848,28150.0589486703,28473.2058583828,31466.5599244857
"TUV",2010,2703.2469159002,2749.31063895609,2792.54869833413,2891.76179202781,3175.12342716567,3008.04463515365,2821.07187054487,3097.1472629195,3575.7576155462,3517.64945458025,3484.23002481799,3490.38654809228,3827.5783443176,3638.81926405377,3511.44487917821,3307.24991387791,3348.05672773637,3545.14262269286,3736.20482634577,3456.92279762777,3334.6070753433,3512.03253676503,3388.53881615513,3515.13976701079,3521.26763705145,3895.93041651317,4125.93795050938,4208.92375986015,4268.1798715696,4816.55320986744,4839.61557504253,4924.0271747431
"TZA",2018,1338.98095703125,1332.00244140625,1306.36242675781,1280.94641113281,1251.47009277344,1255.43908691406,1288.10327148438,1306.53515625,1320.16381835938,1348.37707519531,1370.00793457031,1414.26049804688,1475.55261230469,1532.75952148438,1603.74609375,1676.59521484375,1736.77490234375,1803.10791015625,1854.42443847656,1903.96154785156,1972.98107910156,2064.71069335938,2095.87451171875,2171.44213867188,2246.56079101563,2306.63818359375,2380.93139648438,2458.3427734375,2510.96630859375,2577.66577148438,2551.20629882813,2581.69970703125
"UGA",2019,901.660809496035,921.0850515878,920.651530056751,963.437566596953,991.408293102436,1075.93564841546,1142.13602047375,1165.96164109566,1187.29664908522,1242.05188732283,1241.53286585217,1266.72736140754,1335.19527659899,1377.95203445132,1428.84871130193,1475.81165015572,1588.00225497436,1671.82174984613,1764.99311625779,1830.87166680684,1878.5209178088,1996.06557674981,2013.54634138507,2026.62283944461,2067.79541691699,2108.86025767263,2137.20727775524,2128.39686875661,2186.90714697566,2250.0149216463,2240.49023729027,2246.41411077284
"UKR",2019,16428.48046875,14967.7333984375,13447.1640625,11531.298828125,8934.775390625,7906.95703125,7179.677734375,7028.04638671875,6956.39892578125,7008.24365234375,7496.81298828125,8242.703125,8765.6826171875,9678.0869140625,10902.0380859375,11319.5107421875,12259.158203125,13345.771484375,13719.271484375,11694.4482421875,12221.4404296875,12933.3564453125,12985.0869140625,13020.6005859375,12385.8134765625,11216.1181640625,11536.31640625,11860.560546875,12336.9267578125,12804.955078125,12407.7900390625,12943.6142578125
"URY",2021,11039.8074130636,11363.543579646,12193.45888569,12446.4083092603,13276.4996034353,13009.4525120102,13657.0744610611,14740.216803046,15323.1381141751,14951.3861524734,14603.773220504,14005.3110869402,12900.9161973977,12990.0293431621,13625.2572485018,14624.6666053057,15202.9128772547,16166.4211398513,17287.7246523084,17978.05535963,19331.8488954686,20275.4410559334,20933.6886127713,21839.4084424398,22477.0601251156,22486.4285377569,22793.070886189,23106.9981937526,23184.6247520606,23256.5978718834,21828.6402984835,22800.6897022966
"USA",2019,40456.2409054113,39876.0174476714,40712.0631200606,41284.3560783296,42424.1685567965,43047.2600560444,44154.5471649016,45566.2616695578,47056.5113030007,48749.5975297555,50175.7382351715,50155.7082165499,50535.2736013571,51503.7722407422,52995.2430850196,54338.0281353073,55314.2033804836,55892.1981615237,55433.6765100271,53521.205843608,54516.8563819134,54960.9067304801,55803.5135102346,56438.9438477464,57308.3184170874,58427.552235676,58972.9006126681,59914.7777969757,61355.6490388014,62478.2539535741,60167.8567956122,63669.7104020679
"UZB",2003,3638.87684030722,3544.58609395435,3074.65882065673,2936.44812818542,2729.63777550793,2656.63263367678,2650.60959862355,2736.36494437502,2808.46101000406,2897.8200356971,2967.60191037656,3052.28150406196,3134.96117404948,3229.84792432097,3430.62855905168,3626.62082440211,3849.5943806825,4154.70257823943,4457.69922099523,4735.99522034911,4953.96136781814,5185.68461992404,5472.83350710029,5781.15657026883,6075.19222412855,6401.11516766668,6663.94961394029,6840.70986001707,7082.92549333289,7348.14688265424,7344.22032645632,7734.83241391999
"VEN",2006,NA,NA,NA,NA,NA,NA,NA,NA,NA,NA,NA,NA,NA,NA,NA,NA,NA,NA,NA,NA,NA,NA,NA,NA,NA,NA,NA,NA,NA,NA,NA,NA
"VNM",2019,2099.39464903207,2177.47374392931,2317.26666789588,2455.50878252274,2623.72002195362,2825.016443221,3039.93804071828,3239.68164587123,3378.90483396472,3495.09796838066,3690.86816640526,3879.3389578405,4082.37342786595,4319.37401433844,4597.75725716437,4895.34665932473,5186.43206476836,5503.07242018046,5757.92391566803,6006.58014884214,6324.5256356102,6658.66712383018,6950.28769155568,7257.72927289715,7641.90925242922,8091.0901014048,8545.70259403227,9050.68853386204,9636.01249456265,10252.0046223512,10450.6223815693,10628.2191657215
"VUT",2019,2774.09026248747,2791.18589353958,2792.94720503364,2744.7551949612,2921.90102132675,2881.14406875885,2878.9790715705,2950.05404266456,2916.0247059487,2858.049336374,2954.21820296272,2782.00541793969,2570.95900628893,2614.80686304532,2652.96863343368,2726.83710203844,2887.35019961709,2899.85611209159,2988.88489731098,3005.95402617473,2972.31722036356,2994.3852854882,2953.87863196439,2897.51406010103,2917.62729977749,2859.34971132358,2921.75775953507,3031.19062820989,3045.04263390548,3070.35082783161,2836.81351542512,2783.01955400476
"WSM",2013,3655.88849972941,3560.89883393251,3530.79710138423,3642.03453285523,3513.67022602131,3709.69308379241,3935.26361845129,3919.98956016997,3965.12147445489,4011.17233523091,4174.29542891242,4446.00664032203,4669.60720598492,4891.78547673412,5025.83497456184,5343.79776866724,5436.03354133854,5430.93503438398,5585.67895147191,5515.47723469456,5808.30390753742,5980.29145165599,5705.57924645853,5659.85144916159,5645.86557838924,5811.00500382943,6214.71496705028,6238.79587545592,6139.52272837169,6346.14633456495,6062.3666482402,5534.12695831413
"XKX",2017,NA,NA,NA,NA,NA,NA,NA,NA,NA,NA,NA,NA,NA,NA,NA,NA,NA,NA,7032.45229722004,7327.43919709325,7627.89142996138,8040.59381375861,8105.37493161373,8486.56549672826,8796.62962012693,9445.1054761887,10031.0441699213,10436.1688459323,10755.1675393466,11318.462250308,10706.5139756298,11884.1799153897
"YEM",2014,NA,NA,NA,NA,NA,NA,NA,NA,NA,NA,NA,NA,NA,NA,NA,NA,NA,NA,NA,NA,NA,NA,NA,NA,NA,NA,NA,NA,NA,NA,NA,NA
"ZAF",2014,10391.9641372069,10026.3258618545,9612.3928734882,9555.98676225005,9692.53576571467,9829.86194911064,10097.4734410329,10217.3802098287,10141.4625866116,10270.0635127072,10598.860669143,10789.0511567594,11086.9236950785,11308.8832104594,11713.8803525261,12216.0276406035,12776.8779422812,13325.982825217,13596.2876855281,13228.8947859009,13469.3611287913,13721.6851257843,13864.9709645476,14017.4110148759,13993.270144214,13887.2112157145,13844.2759626997,13950.4534760766,13990.3148928604,13852.2059686427,12815.9095906516,13311.9256986548
"ZMB",2015,2290.03922595464,2232.83744139574,2141.50461450784,2232.71037907651,1991.18592500016,1999.35684197329,2071.70882812799,2096.29459293476,2034.89718348719,2074.4536626438,2096.49041156537,2142.78752423645,2171.93117902643,2252.11513490501,2335.06990983675,2422.43495542819,2525.0977444439,2641.03156431319,2746.49048241144,2894.96399725849,3083.35532116355,3146.84455306788,3275.96837770043,3330.87690336814,3375.9412698159,3365.37925889417,3384.268143509,3395.47968550242,3425.94893622826,3372.3589795823,3183.65077326259,3236.78898092192
"ZWE",2019,2704.75729939491,2781.78784356954,2468.27825686681,2458.78325503437,2670.10661517402,2641.37827140432,2867.02604264096,2896.14730782149,2931.72514388864,2866.0328863699,2750.60123623344,2772.32523388982,2510.22892288174,2067.88037459218,1934.16464255675,1814.17438149881,1736.35833336895,1656.78917979517,1353.20736886924,1500.37978497287,1799.5402328706,2033.18137496488,2310.80721677534,2333.64453202243,2316.95453582202,2313.87855342645,2286.62354911846,2331.78083294088,2399.62155107859,2203.39680962154,1990.31941929217,2115.1445550068
